{
  "primary_results": {
    "elbo": {
      "passive_mean": -137.71482728255083,
      "active_mean": -126.1278894251352,
      "passive_std": 8.110628966180405,
      "active_std": 5.391976518353427,
      "passive_ci": [
        -157.8627465632045,
        -117.56690800189718
      ],
      "active_ci": [
        -139.5223016350832,
        -112.7334772151872
      ],
      "test_statistic": 1.0,
      "p_value": 0.2,
      "effect_size": -1.6824878210152046,
      "test_type": "Mann-Whitney U",
      "significant": "False"
    },
    "reconstruction_loss": {
      "passive_mean": 123.44666827985276,
      "active_mean": 119.59225239597735,
      "passive_std": 6.996071803779533,
      "active_std": 4.321705247785048,
      "passive_ci": [
        106.06746247818623,
        140.8258740815193
      ],
      "active_ci": [
        108.85654141101826,
        130.32796338093647
      ],
      "test_statistic": 7.0,
      "p_value": 0.4,
      "effect_size": 0.6628710627584704,
      "test_type": "Mann-Whitney U",
      "significant": "False"
    },
    "kld": {
      "passive_mean": 14.268159002698079,
      "active_mean": 6.5356370291578365,
      "passive_std": 1.7813122234653003,
      "active_std": 1.0813562402679835,
      "passive_ci": [
        9.843134132040932,
        18.693183873355224
      ],
      "active_ci": [
        3.849399212904877,
        9.221874845410795
      ],
      "test_statistic": 9.0,
      "p_value": 0.1,
      "effect_size": 5.247724413864241,
      "test_type": "Mann-Whitney U",
      "significant": "False"
    },
    "active_units": {
      "passive_mean": 0.37264293349374283,
      "active_mean": 0.7311662825173446,
      "passive_std": 0.030676877695561783,
      "active_std": 0.1764348633408801,
      "passive_ci": [
        0.2964373447323896,
        0.4488485222550961
      ],
      "active_ci": [
        0.29287778483017995,
        1.1694547802045092
      ],
      "test_statistic": 0.0,
      "p_value": 0.1,
      "effect_size": -2.831266273850099,
      "test_type": "Mann-Whitney U",
      "significant": "False"
    },
    "mutual_info": {
      "passive_mean": -13.686168641988337,
      "active_mean": -5.789854561949043,
      "passive_std": 1.943503314341293,
      "active_std": 1.0067990754269245,
      "passive_ci": [
        -18.51409851799547,
        -8.858238765981204
      ],
      "active_ci": [
        -8.290882113341437,
        -3.2888270105566484
      ],
      "test_statistic": 0.0,
      "p_value": 0.1,
      "effect_size": -5.101914163014992,
      "test_type": "Mann-Whitney U",
      "significant": "False"
    },
    "avg_ks_statistic": {
      "passive_mean": 0.2520820414970772,
      "active_mean": 0.18826926448852147,
      "passive_std": 0.015242613498582577,
      "active_std": 0.046260002968851195,
      "passive_ci": [
        0.2142172904800828,
        0.28994679251407157
      ],
      "active_ci": [
        0.07335304656934005,
        0.3031854824077029
      ],
      "test_statistic": 8.0,
      "p_value": 0.2,
      "effect_size": 1.8528298416495441,
      "test_type": "Mann-Whitney U",
      "significant": "False"
    }
  },
  "success_criteria": {
    "collapse_prevention": "True",
    "reconstruction_maintenance": "True",
    "efficiency": "True"
  },
  "multiple_comparisons": {
    "corrected_alpha": 0.008333333333333333,
    "significant_after_correction": {
      "elbo": "False",
      "reconstruction_loss": "False",
      "kld": "False",
      "active_units": "False",
      "mutual_info": "False",
      "avg_ks_statistic": "False"
    }
  },
  "sample_sizes": {
    "passive": 3,
    "active": 3
  }
}