{
  "Standard_VAE": {
    "model_name": "Standard_VAE",
    "beta": 1.0,
    "config": {
      "input_dim": 12288,
      "hidden_dim": 512,
      "latent_dim": 64,
      "n_classes": 2
    },
    "final_metrics": {
      "epoch": 10,
      "test_loss": 7017.322381882441,
      "test_ks": 0.0,
      "kl_divergence": 43.983856201171875,
      "mutual_information": -43.983856201171875,
      "activation_rate": 0.998798828125,
      "avg_posterior_variance": 0.26760074496269226,
      "classification_accuracy": 0.574999988079071
    },
    "training_time": 92.09710502624512,
    "train_losses": [
      7223.072734375,
      7173.439232421875,
      7129.14783203125,
      7097.55020703125,
      7071.08666015625
    ]
  },
  "Beta_VAE_0.1": {
    "model_name": "Beta_VAE_0.1",
    "beta": 0.1,
    "config": {
      "input_dim": 12288,
      "hidden_dim": 512,
      "latent_dim": 64,
      "n_classes": 2
    },
    "final_metrics": {
      "epoch": 10,
      "test_loss": 6860.030412946428,
      "test_ks": 0.0,
      "kl_divergence": 112.02991485595703,
      "mutual_information": -112.02991485595703,
      "activation_rate": 0.9216992187499999,
      "avg_posterior_variance": 0.05363709479570389,
      "classification_accuracy": 0.6299999952316284
    },
    "training_time": 91.60620093345642,
    "train_losses": [
      7041.3944609375,
      7001.326033203125,
      6962.20221484375,
      6936.973509765625,
      6919.4179140625
    ]
  },
  "DERP_VAE_5probes": {
    "model_name": "DERP_VAE_5probes",
    "beta": 1.0,
    "config": {
      "input_dim": 12288,
      "hidden_dim": 512,
      "latent_dim": 64,
      "n_classes": 2
    },
    "final_metrics": {
      "epoch": 10,
      "test_loss": 7016.973648313492,
      "test_ks": 0.1170864011796694,
      "kl_divergence": 44.7388916015625,
      "mutual_information": -44.7388916015625,
      "activation_rate": 0.998818359375,
      "avg_posterior_variance": 0.27239081263542175,
      "classification_accuracy": 0.5618749856948853
    },
    "training_time": 92.73296117782593,
    "train_losses": [
      7203.381501953125,
      7154.87761328125,
      7128.5499453125,
      7102.429279296875,
      7076.519068359375
    ]
  },
  "experiment_config": {
    "dataset": "CelebA",
    "image_size": 64,
    "batch_size": 32,
    "num_samples": 10000,
    "epochs": 10,
    "device": "cpu"
  }
}